{"cameraMode":{"drawMode":0,"name":"Shaded","section":"Shading Mode"},"sceneLighting":true,"audioPlay":false,"sceneViewState":{"showFog":true,"showMaterialUpdate":false,"showSkybox":true,"showFlares":true,"showImageEffects":true,"showParticleSystems":true,"showVisualEffectGraphs":true,"m_FxEnabled":true},"in2DMode":false,"pivot":{"x":-10.868288040161133,"y":3.6693835258483888,"z":-18.577320098876954},"rotation":{"x":0.1362980753183365,"y":0.033589065074920657,"z":-0.0046237437054514889,"w":0.9900901317596436},"size":2.434227705001831,"orthographic":false}