{"cameraMode":{"drawMode":0,"name":"Shaded","section":"Shading Mode"},"sceneLighting":true,"audioPlay":false,"sceneViewState":{"showFog":true,"showMaterialUpdate":false,"showSkybox":true,"showFlares":true,"showImageEffects":true,"showParticleSystems":true,"showVisualEffectGraphs":true,"m_FxEnabled":true},"in2DMode":false,"pivot":{"x":0.663670539855957,"y":1.162294864654541,"z":-2.7863361835479738},"rotation":{"x":-0.1238638311624527,"y":0.015787923708558084,"z":0.001972839469090104,"w":0.992179274559021},"size":3.6342275142669679,"orthographic":false}